Filename,Raw_String,Year,Month,Day
img_00001.jpg,2021.05.23,2021,05,23
img_00002.jpg,2021.05.16,2021,05,16
img_00003.jpg,2022.09.10,2022,09,10
img_00004.jpg,2021.05.12,2021,05,12
img_00005.jpg,2023/06/01,2023,06,01
img_00006.jpg,01-12-2021,2021,12,01
img_00007.jpg,2021.03.02,2021,03,02
img_00008.jpg,06-11-21,2021,11,06
img_00009.jpg,16.03.2021,2021,03,16
img_00010.jpg,01/12/2021,2021,12,01
img_00011.jpg,08.12.2021,2021,12,08
img_00012.jpg,22/03/2021,2021,03,22
img_00013.jpg,2021.10.11,2021,10,11
img_00014.jpg,05.2024,2024,05,01
img_00015.jpg,08|06|21,2021,08,06
img_00016.jpg,06/11/2022,2022,11,06
img_00017.jpg,2021-10-08,2021,10,08
img_00018.jpg,2021-09-15,2021,09,15
img_00019.jpg,02.10.21,2021,10,02
img_00020.jpg,06/04/21,2021,06,04
img_00021.jpg,22/04/2021,2021,04,22
img_00022.jpg,18-04-2021,2021,04,18
img_00023.jpg,22 06 2022,2022,06,22
img_00024.jpg,2021/04/03,2021,04,03
img_00025.jpg,09/03/2022,2022,09,03
img_00026.jpg,06/12/2021,2021,12,06
img_00027.jpg,APR-28-2023,2023,04,28
img_00028.jpg,2022/10/05,2022,10,05
img_00029.jpg,18 07 2021,2021,07,18
img_00030.jpg,2021.03.18,2021,03,18
img_00031.jpg,2021.04.28,2021,04,28
img_00032.jpg,2021.12.27,2021,12,27
img_00033.jpg,2021.09.29,2021,09,29
img_00034.jpg,21-02-28,2028,02,21
img_00035.jpg,2021.04.19,2021,04,19
img_00036.jpg,2023/10/14,2023,10,14
img_00037.jpg,2021.12.29,2021,12,29
img_00038.jpg,2023.01.20,2023,01,20
img_00039.jpg,2023.01.13,2023,01,13
img_00040.jpg,2021.04.02,2021,04,02
img_00041.jpg,2021.06.28,2021,06,28
img_00042.jpg,2022.01.04,2022,01,04
img_00043.jpg,2022.12.01,2022,12,01
img_00044.jpg,2021.11.19,2021,11,19
img_00045.jpg,2020.09.10,2020,09,10
img_00046.jpg,2021.10.07,2021,10,07
img_00047.jpg,2022.11.08,2022,11,08
img_00048.jpg,02/2025,2025,02,01
img_00049.jpg,01/05/2023,2023,05,01
img_00050.jpg,03 JUL 2021,2021,07,03
img_00051.jpg,02.01.2022,2022,02,01
img_00052.jpg,2022.05.21,2022,05,21
img_00053.jpg,2021.08.30,2021,08,30
img_00054.jpg,2021 08 24,2021,08,24
img_00055.jpg,2021 06 30,2021,06,30
img_00056.jpg,28/09/2021,2021,09,28
img_00057.jpg,01/08/2021,2021,08,01
img_00058.jpg,23/06/21,2023,06,21
img_00059.jpg,02/08/2022,2022,08,02
img_00060.jpg,2021.05.24,2021,05,24
img_00061.jpg,22-09-2023,2023,09,22
img_00062.jpg,06.2023,2023,06,01
img_00063.jpg,07.2023,2023,07,01
img_00064.jpg,04-05-2022,2022,05,04
img_00065.jpg,2021.12.08,2021,12,08
img_00066.jpg,2023.12.06,2023,12,06
img_00067.jpg,10/2022,2022,10,01
img_00068.jpg,09.03.2020,2020,09,03
img_00069.jpg,30.12.2021,2021,12,30
img_00070.jpg,2021.12.25,2021,12,25
img_00071.jpg,2021.07.05,2021,07,05
img_00072.jpg,2021.08.15,2021,08,15
img_00073.jpg,27.02.21,2027,02,21
img_00074.jpg,11.08.2021,2021,11,08
img_00075.jpg,2022.09.13,2022,09,13
img_00076.jpg,31/12/2022,2022,12,31
img_00077.jpg,02 06 23,2023,06,02
img_00078.jpg,2022.06.15,2022,06,15
img_00079.jpg,25/03/2021,2021,03,25
img_00080.jpg,02.01.2022,2022,02,01
img_00081.jpg,2021.08.30,2021,08,30
img_00082.jpg,27.05.21,2027,05,21
img_00083.jpg,15.05.2022,2022,05,15
img_00084.jpg,28/02/22,2028,02,22
img_00085.jpg,15-11-2021,2021,11,15
img_00086.jpg,2021.02.25,2021,02,25
img_00087.jpg,2021.04.07,2021,04,07
img_00088.jpg,2021.04.11,2021,04,11
img_00089.jpg,2022.12.04,2022,12,04
img_00090.jpg,2021.12.22,2021,12,22
img_00091.jpg,2021.06.21,2021,06,21
img_00092.jpg,2021.04.13,2021,04,13
img_00093.jpg,2021.09.02,2021,09,02
img_00094.jpg,2022.04.02,2022,04,02
img_00095.jpg,2023.12.08,2023,12,08
img_00096.jpg,2022.07.20,2022,07,20
img_00097.jpg,2022.01.04,2022,01,04
img_00098.jpg,2021.07.15,2021,07,15
img_00099.jpg,2021.11.11,2021,11,11
img_00100.jpg,2021.03.31,2021,03,31
img_00101.jpg,2024.02.13,2024,02,13
img_00102.jpg,2021.06.16,2021,06,16
img_00103.jpg,2021.07.20,2021,07,20
img_00104.jpg,2021.11.09,2021,11,09
img_00105.jpg,2022.01.01,2022,01,01
img_00106.jpg,2022 08 03,2022,08,03
img_00107.jpg,2020.07.22,2020,07,22
img_00108.jpg,02.18,2026,02,18
img_00109.jpg,02.13,2026,02,13
img_00110.jpg,2021.05.19,2021,05,19
img_00111.jpg,OCT.21.2021,2021,10,21
img_00112.jpg,14.11.,2022,2022,11,14
img_00113.jpg,21.07.2021,2021,07,21
img_00114.jpg,24-05-21,2024,05,21
img_00115.jpg,2022.08.24,2022,08,24
img_00116.jpg,2020.11.18,2020,11,18
img_00117.jpg,24 APR 2021,2021,04,24
img_00118.jpg,2022.09.15,2022,09,15
img_00119.jpg,30/04/21,2030,04,21
img_00120.jpg,11.09.2021,2021,11,09
img_00121.jpg,12.09.2021,2021,12,09
img_00122.jpg,2021.06.13,2021,06,13
img_00123.jpg,2021.05.17,2021,05,17
img_00124.jpg,2021.11.06,2021,11,06
img_00125.jpg,23.07.27,2027,07,23
img_00126.jpg,2022.09.27,2022,09,27
img_00127.jpg,22.06.30,2022,06,30
img_00128.jpg,08.04.2022,2022,08,04
img_00129.jpg,11.03.2022,2022,11,03
img_00130.jpg,01.02.22,2022,02,01
img_00131.jpg,02.02.22,2022,02,02
img_00132.jpg,21.11.11,2021,11,11
img_00133.jpg,2021.03.24,2021,03,24
img_00134.jpg,02/2021,2021,02,01
img_00135.jpg,10/2021,2021,10,01
img_00136.jpg,2022/07/29,2022,07,29
img_00137.jpg,05 07 2021,2021,07,05
img_00138.jpg,26 10 21,2026,10,21
img_00139.jpg,2022.03.15,2022,03,15
img_00140.jpg,24 09 2021,2021,09,24
img_00141.jpg,20/07/01,2020,07,01
img_00142.jpg,2020.06.23,2020,06,23
img_00143.jpg,2020.10.09,2020,10,09
img_00144.jpg,2022.12.07,2022,12,07
img_00145.jpg,27/08/2023,2023,08,27
img_00146.jpg,25 09 2021,2021,09,25
img_00147.jpg,12.08.2021,2021,12,08
img_00148.jpg,2021.04.30,2021,04,30
img_00149.jpg,21.11.03,2021,11,03
img_00150.jpg,2020.05.28,2020,05,28
img_00151.jpg,2021.02.28,2021,02,28
img_00152.jpg,2022.08.03,2022,08,03
img_00153.jpg,2022.09.25,2022,09,25
img_00154.jpg,01.30,2026,01,30
img_00155.jpg,2021.01.02,2021,01,02
img_00156.jpg,2022.07.27,2022,07,27
img_00157.jpg,2021.10.08,2021,10,08
img_00158.jpg,2021.11.21,2021,11,21
img_00159.jpg,2020.12.10,2020,12,10
img_00160.jpg,2020.03.13,2020,03,13
img_00161.jpg,2020.11.06,2020,11,06
img_00162.jpg,2022.11.17,2022,11,17
img_00163.jpg,2022.09.03,2022,09,03
img_00164.jpg,03/09/21,2021,09,03
img_00165.jpg,2021.05.28,2021,05,28
img_00166.jpg,2021.07.07,2021,07,07
img_00167.jpg,2022.11.14,2022,11,14
img_00168.jpg,2022.03.20,2022,03,20
img_00169.jpg,15/03/2022,2022,03,15
img_00170.jpg,2020.05.12,2020,05,12
img_00171.jpg,20.07.20,2020,07,20
img_00172.jpg,24.05.21,2024,05,21
img_00173.jpg,21/02/21,2021,02,21
img_00174.jpg,2021.09.14,2021,09,14
img_00175.jpg,2021.05.01,2021,05,01
img_00176.jpg,2022.04.01,2022,04,01
img_00177.jpg,2021.07.20,2021,07,20
img_00178.jpg,2021.03.20,2021,03,20
img_00179.jpg,2021.02.21,2021,02,21
img_00180.jpg,2021.11.22,2021,11,22
img_00181.jpg,2021.08.27,2021,08,27
img_00182.jpg,2022.01.09,2022,01,09
img_00183.jpg,2022.04.07,2022,04,07
img_00184.jpg,2022.07.13,2022,07,13
img_00185.jpg,2022.10.15,2022,10,15
img_00186.jpg,2021.10.07,2021,10,07
img_00187.jpg,2021.10.12,2021,10,12
img_00188.jpg,2021.12.05,2021,12,05
img_00189.jpg,2022.06.18,2022,06,18
img_00190.jpg,2022.11.26,2022,11,26
img_00191.jpg,2022.07.19,2022,07,19
img_00192.jpg,2022.01.06,2022,01,06
img_00193.jpg,05.2023,2023,05,01
img_00194.jpg,2022.05.26,2022,05,26
img_00195.jpg,2021.11.30,2021,11,30
img_00196.jpg,02 11 2021,2021,11,02
img_00197.jpg,05-10-21,2021,10,05
img_00198.jpg,11 12 2021,2021,12,11
img_00199.jpg,11 19 2021,2021,11,19
img_00200.jpg,2021/11/01,2021,11,01
img_00201.jpg,2022.07.01,2022,07,01
img_00202.jpg,25/06/2021,2021,06,25
img_00203.jpg,2022.02.23,2022,02,23
img_00204.jpg,2023.01.04,2023,01,04
img_00205.jpg,21.11.13,2021,11,13
img_00206.jpg,2021.11.26,2021,11,26
img_00207.jpg,2021.03.23,2021,03,23
img_00208.jpg,2021.11.09,2021,11,09
img_00209.jpg,2021.11.01,2021,11,01
img_00210.jpg,13.09.2021,2021,09,13
img_00211.jpg,21.04.10,2021,04,10
img_00212.jpg,06 09 2021,2021,09,06
img_00213.jpg,2019.07.06,2019,07,06
img_00214.jpg,2021.12.16,2021,12,16
img_00215.jpg,2021.12.15,2021,12,15
img_00216.jpg,2021.02.11,2021,02,11
img_00217.jpg,2021/09/28,2021,09,28
img_00218.jpg,10/04/2021,2021,10,04
img_00219.jpg,02.11.2021,2021,11,02
img_00220.jpg,2020-07-14,2020,07,14
img_00221.jpg,12.04.2021,2021,12,04
img_00222.jpg,24.04.2021,2021,04,24
img_00223.jpg,21 11 2022,2022,11,21
img_00224.jpg,28 08 2022,2022,08,28
img_00225.jpg,22-09-2021,2021,09,22
img_00226.jpg,2021.02.18,2021,02,18
img_00227.jpg,2021.03.01,2021,03,01
img_00228.jpg,2021.07.21,2021,07,21
img_00229.jpg,2021.03.24,2021,03,24
img_00230.jpg,2020 12.03,2020,12,22
img_00231.jpg,2021.07.01,2021,07,01
img_00232.jpg,17.JAN.2022,2022,01,17
img_00233.jpg,2020.12.22,2020,12,22
img_00234.jpg,2020-07-13,2020,07,13
img_00235.jpg,2022.05.02,2022,05,02
img_00236.jpg,2021.10.20,2021,10,20
img_00237.jpg,07/04/2021,2021,07,04
img_00238.jpg,16.02.21,2021,02,16
img_00239.jpg,2020.12.19,2020,12,19
img_00240.jpg,28/10/2021,2021,10,28
img_00241.jpg,2021.03.06,2021,03,06
img_00242.jpg,2022.02.19,2022,02,19
img_00243.jpg,2021.09.11,2021,09,11
img_00244.jpg,2021.10.04,2021,10,04
img_00245.jpg,2022.03.23,2022,03,23
img_00246.jpg,2021.12.25,2021,12,25
img_00247.jpg,2022.08.28,2022,08,28
img_00248.jpg,2021.12.18,2021,12,18
img_00249.jpg,2022.02.28,2022,02,28
img_00250.jpg,2021/10/18,2021,10,18
img_00251.jpg,2021.11.12,2021,11,12
img_00252.jpg,21.06.15,2021,06,15
img_00253.jpg,20.08.09,2020,08,09
img_00254.jpg,2022.03.17,2022,03,17
img_00255.jpg,20.04.14,2020,04,14
img_00256.jpg,2019.07.04,2019,07,04
img_00257.jpg,2021.08.19,2021,08,19
img_00258.jpg,2021.08.25,2021,08,25
img_00259.jpg,2021.01.16,2021,01,16
img_00260.jpg,17.09.2021,2021,09,17
img_00261.jpg,2022.11.17,2022,11,17
img_00262.jpg,21.12.13,2021,12,13
img_00263.jpg,2021.11.01,2021,11,01
img_00264.jpg,2021.12.02,2021,12,02
img_00265.jpg,21.12.02,2021,12,02
img_00266.jpg,2021.06.27,2021,06,27
img_00267.jpg,30.06.2021,2021,06,30
img_00268.jpg,15-09-2021,2021,09,15
img_00269.jpg,17-09-2021,2021,09,17
img_00270.jpg,2023.01.03,2023,01,03
img_00271.jpg,2022.10.12,2022,10,12
img_00272.jpg,2021.04.12,2021,04,12
img_00273.jpg,2022.08.07,2022,08,07
img_00274.jpg,2023.11.18,2023,11,18
img_00275.jpg,2022.11.21,2022,11,21
img_00276.jpg,2022.03.29,2022,03,29
img_00277.jpg,2022.12.17,2022,12,17
img_00278.jpg,2022.06.27,2022,06,27
img_00279.jpg,2023.12.06,2023,12,06
img_00280.jpg,2021.01.11,2021,01,11
img_00281.jpg,16/07/2022,2022,07,16
img_00282.jpg,2021.06.09,2021,06,09
img_00283.jpg,01.30,2026,01,30
img_00284.jpg,2021.03.28,2021,03,28
img_00285.jpg,02/02/21,2021,02,02
img_00286.jpg,2021.09.25,2021,09,25
img_00287.jpg,2021.12.29,2021,12,29
img_00288.jpg,2021.12.15,2021,12,15
img_00289.jpg,2021 11 30,2021,11,30
img_00290.jpg,2021.09.30,2021,09,30
img_00291.jpg,21.11.19,2021,11,19
img_00292.jpg,2021.03.07,2021,03,07
img_00293.jpg,2021.02.16,2021,02,16
img_00294.jpg,2022.08.25,2022,08,25
img_00295.jpg,2022.03.30,2022,03,30
img_00296.jpg,2021.05.22,2021,05,22
img_00297.jpg,2021.10.14,2021,10,14
img_00298.jpg,2022.11.09,2022,11,09
img_00299.jpg,2022.01.09,2022,01,09
img_00300.jpg,2021.09.21,2021,09,21
img_00301.jpg,2022.06.21,2022,06,21
img_00302.jpg,26-08-21,2026,08,21
img_00303.jpg,01.25,2026,01,25
img_00304.jpg,2021.07.12,2021,07,12
img_00305.jpg,2021.12.11,2021,12,11
img_00306.jpg,22.01.11,2022,01,11
img_00307.jpg,2021.04.22,2021,04,22
img_00308.jpg,2022.01.14,2022,01,14
img_00309.jpg,2021.12.10,2021,12,10
img_00310.jpg,2021.06.30,2021,06,30
img_00311.jpg,2021.07.11,2021,07,11
img_00312.jpg,2021.10.26,2021,10,26
img_00313.jpg,2021.04.25,2021,04,25
img_00314.jpg,2020.04.23,2020,04,23
img_00315.jpg,2021.06.13,2021,06,13
img_00316.jpg,21.07.28,2028,07,21
img_00317.jpg,2021.05.11,2021,05,11
img_00318.jpg,21.02.16,2021,02,16
img_00319.jpg,2021.07.24,2021,07,24
img_00320.jpg,2021.06.13,2021,06,13
img_00321.jpg,2021.04.30,2021,04,30
img_00322.jpg,2021 02 09,2021,09,02
img_00323.jpg,2022/JUN/14,2022,06,14
img_00324.jpg,2023/07/18,2023,07,18
img_00325.jpg,24 06 23,2024,06,23
img_00326.jpg,07.2021,2021,07,01
img_00327.jpg,10.10.21,2021,10,10
img_00328.jpg,18.09.2021,2021,09,18
img_00329.jpg,17/07/2021,2021,07,17
img_00330.jpg,02.01.22,2022,02,01
img_00331.jpg,18/04/21,2021,04,18
img_00332.jpg,20-04-21,2021,04,20
img_00333.jpg,04.03.2021,2021,04,03
img_00334.jpg,2021.03.16,2021,03,16
img_00335.jpg,2021.03.03,2021,03,03
img_00336.jpg,23-05-21,2023,05,21
img_00337.jpg,20-06-21,2021,06,20
img_00338.jpg,28.03.21,2028,03,21
img_00339.jpg,25.05.2021,2021,05,25
img_00340.jpg,05/04/21,2021,05,04
img_00341.jpg,2021.07.14,2021,07,14
img_00342.jpg,2021.03.18,2021,03,18
img_00343.jpg,2021.04.30,2021,04,30
img_00344.jpg,25|11|21,2025,11,21
img_00345.jpg,2021.03.25,2021,03,25
img_00346.jpg,30|10|21,2021,10,30
img_00347.jpg,2021.07.08,2021,07,08
img_00348.jpg,2021.06.18,2021,06,18
img_00349.jpg,14.06.2021,2021,06,14
img_00350.jpg,2021.06.07,2021,06,07
img_00351.jpg,2021.05.14,2021,05,14
img_00352.jpg,2021.02.21,2021,02,21
img_00353.jpg,2021.06.20,2021,06,20
img_00354.jpg,2021.07.14,2021,07,14
img_00355.jpg,2021.05.29,2021,05,29
img_00356.jpg,2021.07.11,2021,07,11
img_00357.jpg,2021.05.11,2021,05,11
img_00358.jpg,2021.03.26,2021,03,26
img_00359.jpg,21.07.25,2025,07,21
img_00360.jpg,2021.04.20,2021,04,20
img_00361.jpg,21.03.24,2024,03,21
img_00362.jpg,2022.01.17,2022,01,17
img_00363.jpg,2022.02.03,2022,02,03
img_00364.jpg,27.08.2021,2021,08,27
img_00365.jpg,01.10 2021,2021,10,01
img_00366.jpg,05.10.2021,2021,10,05
img_00367.jpg,04.09.2021,2021,09,04
img_00368.jpg,2021.11.26,2021,11,26
img_00369.jpg,21.07.25,2025,07,21
img_00370.jpg,21.07.13,2021,07,13
img_00371.jpg,21.04.24,2024,04,21
img_00372.jpg,2021.12.07,2021,12,07
img_00373.jpg,2021.12.13,2021,12,13
img_00374.jpg,NOV 05 2022,2022,11,05
img_00375.jpg,12.10.2025,2025,12,10
img_00376.jpg,2022.09.17,2022,09,17
img_00377.jpg,21.09.2022,2022,09,21
img_00378.jpg,2023.12.01,2023,12,01
img_00379.jpg,2021.02.25,2021,02,25
img_00380.jpg,10/2021,2021,10,01
img_00381.jpg,2021.02.21,2021,02,21
img_00382.jpg,21.08.18,2021,08,18
img_00383.jpg,2023/06/26,2023,06,26
img_00384.jpg,2021.04.13,2021,04,13
img_00385.jpg,2021.07.20,2021,07,20
img_00386.jpg,2022/12/02,2022,12,02
img_00387.jpg,2021.03.20,2021,03,20
img_00388.jpg,2023.10.24,2023,10,24
img_00389.jpg,AUG 11 2021,2021,11,20
img_00390.jpg,2022.01.20,2022,01,20
img_00391.jpg,05-03-2022,2022,05,03
img_00392.jpg,04-11-2023,2023,11,04
img_00393.jpg,14.12.2021,2021,12,14
img_00394.jpg,25/05/2021,2021,05,25
img_00395.jpg,07/02/2020,2020,07,02
img_00396.jpg,13/02/2020,2020,02,13
img_00397.jpg,17/08/2020,2020,08,17
img_00398.jpg,09/09/2021,2021,09,09
img_00399.jpg,13/03/2020,2020,03,13
img_00400.jpg,29/03/2019,2019,03,29
img_00401.jpg,12.03.2021,2021,12,03
img_00402.jpg,13/09/2020,2020,09,13
img_00403.jpg,02/07/2019,2019,07,02
img_00404.jpg,09/09/2021,2021,09,09
img_00405.jpg,01.02.2020,2020,02,01
img_00406.jpg,19/07/2020,2020,07,19
img_00407.jpg,30-09-2020,2020,09,30
img_00408.jpg,29 10 2022,2022,10,29
img_00409.jpg,10.02.2021,2021,10,02
img_00410.jpg,21 10 2021,2021,10,21
img_00411.jpg,28 09 2020,2020,09,28
img_00412.jpg,14 01 2021,2021,01,14
img_00413.jpg,27.02.2021,2021,02,27
img_00414.jpg,02.07.2020,2020,07,02
img_00415.jpg,30/04/2021,2021,04,30
img_00416.jpg,25.03.2021,2021,03,25
img_00417.jpg,05 06 2022,2022,06,05
img_00418.jpg,2022/07/18,2022,07,18
img_00419.jpg,2022.03.31,2022,03,31
img_00420.jpg,2023/01/27,2023,01,27
img_00421.jpg,2020 08 16,2020,08,16
img_00422.jpg,2022/07/11,2022,07,11
img_00423.jpg,2023/01/27,2023,01,27
img_00424.jpg,2021/03/31,2021,03,31
img_00425.jpg,2021.07.18,2021,07,18
img_00426.jpg,2020 11 30,2020,11,30
img_00427.jpg,2021.09.19,2021,09,19
img_00428.jpg,2020.09.09,2020,09,09
img_00429.jpg,2021.07.21,2021,07,21
img_00430.jpg,2021.07.21,2021,07,21
img_00431.jpg,2021.06.13,2021,06,13
img_00432.jpg,2022.11.04,2022,11,04
img_00433.jpg,2021.01.16,2021,01,16
img_00434.jpg,2020.08.11,2020,08,11
img_00435.jpg,2022.09.22,2022,09,22
img_00436.jpg,2021.04.24,2021,04,24
img_00437.jpg,2020.12.01,2020,12,01
img_00438.jpg,2022.02.04,2022,02,04
img_00439.jpg,2021.08.04,2021,08,04
img_00440.jpg,2022.02.24,2022,02,24
img_00441.jpg,2021.08.15,2021,08,15
img_00442.jpg,2020.09.08,2020,09,08
img_00443.jpg,2019.07.06,2019,07,06
img_00444.jpg,2022.04.07,2022,04,07
img_00445.jpg,2018.05.16,2018,05,16
img_00446.jpg,AUG 17 2020,2020,08,17
img_00447.jpg,23 APR 2020,2020,04,23
img_00448.jpg,01 JUL 2020,2020,07,01
img_00449.jpg,08 JAN 2021,2021,08,20
img_00450.jpg,2019 MAR 11,2019,03,11
img_00451.jpg,AUG 04 2019,2019,08,04
img_00452.jpg,FEB 04 2021,2021,04,20
img_00453.jpg,AUG 12 2020,2020,12,20
img_00454.jpg,10 MAY 2020,2020,10,20
img_00455.jpg,19-JUN-2020,2020,06,19
img_00456.jpg,08-JUN-2020,2020,08,20
img_00457.jpg,21 OCT 2020,2020,10,21
img_00458.jpg,SEP.30.2019,2019,09,30
img_00459.jpg,AUG 29 2020,2020,08,29
img_00460.jpg,2020 OCT 27,2020,10,27
img_00461.jpg,2020 OCT 28,2020,10,28
img_00462.jpg,08/2022,2022,08,01
img_00463.jpg,11/2020,2020,11,01
img_00464.jpg,09 2020,2020,09,22
img_00465.jpg,2021.05,2021,05,01
img_00466.jpg,2021.06,2021,06,01
img_00467.jpg,2021.05,2021,05,01
img_00468.jpg,2020.03,2020,03,01
img_00469.jpg,2019.07,2019,07,01
img_00470.jpg,2022.03,2022,03,01
img_00471.jpg,2022.01,2022,01,01
img_00472.jpg,2019.12,2019,12,01
img_00473.jpg,11/2022,2022,11,01
img_00474.jpg,10.2019,2019,10,01
img_00475.jpg,10/2021,2021,10,01
img_00476.jpg,NOV 2021,2021,11,22
img_00477.jpg,09/06/20,2020,09,06
img_00478.jpg,20.08.22,2022,08,20
img_00479.jpg,22.08.17,2022,08,17
img_00480.jpg,21.04.09,2021,04,09
img_00481.jpg,20.12.25,2025,12,20
img_00482.jpg,20.08.10,2020,08,10
img_00483.jpg,20.08.13,2020,08,13
img_00484.jpg,20.12.23,2023,12,20
img_00485.jpg,19.06.14,2019,06,14
img_00486.jpg,19.06.12,2019,06,12
img_00487.jpg,19.06.17,2019,06,17
img_00488.jpg,19.03.19,2019,03,19
img_00489.jpg,19.04.12,2019,04,12
img_00490.jpg,20.05.09,2020,05,09
img_00491.jpg,19.09.11,2019,09,11
img_00492.jpg,20.03.07,2020,03,07
img_00493.jpg,19.06.03,2019,06,03
img_00494.jpg,19.10.20,2020,10,19
img_00495.jpg,21.03.16,2021,03,16
img_00496.jpg,21.03.10,2021,03,10
img_00497.jpg,20.06.24,2024,06,20
img_00498.jpg,04 SEP 20,2020,09,04
img_00499.jpg,MAY/15/20,2020,05,15
img_00500.jpg,MAY/14/20,2020,05,14
img_00501.jpg,04 APR 21,2021,04,04
img_00502.jpg,JUL 09 21,2021,07,09
img_00503.jpg,04.13,2026,04,13
img_00504.jpg,04.15,2026,04,15
img_00505.jpg,04.17,2026,04,17
img_00506.jpg,01.16,2026,01,16
img_00507.jpg,11.25,2026,11,25
img_00508.jpg,10.01,2026,10,01
img_00509.jpg,03.02,2026,03,02
img_00510.jpg,09.23,2026,09,23